alert_id,created_at,drain_id,name,location_type,risk_level,priority,flood_score,message,action,status,assigned_to,resolved_at,sent_via,source
A0001,2026-10-07 23:50:00,D016,Market Drain #16,market,Critical,P1,80.9,"[P1] CRITICAL flood risk at Market Drain #16 (D016, market). Score 81/100. Why: Blockage index 82/100 • Turbidity: 93.1 NTU (typical 18.5) • Avg turbidity (1h): 77.7 NTU (typical 18.5) • Avg water level (1h): 17.8 cm (typical 11.9) • Water level 6.7σ above what flow explains (backing up) • Forecast rain 135 mm/hr • Low-lying site (4 m) • High-criticality area (market). Action: Dispatch crew immediately (within 1 hour), clear the blockage, consider traffic diversion.","Dispatch crew immediately (within 1 hour), clear the blockage, consider traffic diversion.",Open,,,,AI model
A0002,2026-10-07 23:50:00,D039,Near Construction Drain #39,near_construction,Critical,P1,72.6,"[P1] CRITICAL flood risk at Near Construction Drain #39 (D039, near construction). Score 73/100. Why: Blockage index 76/100 • Turbidity: 100.1 NTU (typical 18.5) • Avg turbidity (1h): 54.9 NTU (typical 18.5) • Avg water level (1h): 14.7 cm (typical 11.9) • Water level 4.6σ above what flow explains (backing up) • Forecast rain 47 mm/hr • Low-lying site (1 m) • High-criticality area (near construction). Action: Dispatch crew immediately (within 1 hour), clear the blockage, consider traffic diversion.","Dispatch crew immediately (within 1 hour), clear the blockage, consider traffic diversion.",Open,,,,AI model
A0003,2026-10-07 23:50:00,D009,Market Drain #9,market,High,P2,62.1,"[P2] HIGH flood risk at Market Drain #9 (D009, market). Score 62/100. Why: Blockage index 68/100 • Turbidity: 107.1 NTU (typical 18.5) • Avg turbidity (1h): 65.2 NTU (typical 18.5) • Water level: 20.1 cm (typical 11.9) • Water level 3.3σ above what flow explains (backing up) • Forecast rain 47 mm/hr • Low-lying site (2 m) • High-criticality area (market). Action: Schedule a crew within 4 hours; pre-position a pump if heavy rain is forecast.",Schedule a crew within 4 hours; pre-position a pump if heavy rain is forecast.,Open,,,,AI model
A0004,2026-10-07 23:50:00,D020,Market Drain #20,market,Critical,P1,71.7,"[P1] CRITICAL flood risk at Market Drain #20 (D020, market). Score 72/100. Why: Blockage index 84/100 • Turbidity: 95.7 NTU (typical 18.5) • Avg turbidity (1h): 91.4 NTU (typical 18.5) • Avg water level (1h): 23.4 cm (typical 11.9) • Water level 14.6σ above what flow explains (backing up) • Forecast rain 87 mm/hr • High-criticality area (market). Action: Dispatch crew immediately (within 1 hour), clear the blockage, consider traffic diversion.","Dispatch crew immediately (within 1 hour), clear the blockage, consider traffic diversion.",Open,,,,AI model
A0005,2026-10-07 23:50:00,D030,Market Drain #30,market,Critical,P1,70.1,"[P1] CRITICAL flood risk at Market Drain #30 (D030, market). Score 70/100. Why: Blockage index 94/100 • Turbidity: 97.4 NTU (typical 18.5) • Avg turbidity (1h): 84.4 NTU (typical 18.5) • Avg water level (1h): 19.2 cm (typical 11.9) • Water level 10.1σ above what flow explains (backing up) • Forecast rain 115 mm/hr • High-criticality area (market). Action: Dispatch crew immediately (within 1 hour), clear the blockage, consider traffic diversion.","Dispatch crew immediately (within 1 hour), clear the blockage, consider traffic diversion.",Open,,,,AI model
A0006,2026-10-07 23:50:00,D019,Near Construction Drain #19,near_construction,High,P2,50.6,"[P2] HIGH flood risk at Near Construction Drain #19 (D019, near construction). Score 51/100. Why: Blockage index 75/100 • Turbidity: 98.2 NTU (typical 18.5) • Avg turbidity (1h): 60.6 NTU (typical 18.5) • Avg water level (1h): 15.5 cm (typical 11.9) • Water level 6.1σ above what flow explains (backing up) • Forecast rain 47 mm/hr. Action: Schedule a crew within 4 hours; pre-position a pump if heavy rain is forecast.",Schedule a crew within 4 hours; pre-position a pump if heavy rain is forecast.,Open,,,,AI model
A0007,2026-10-07 23:50:00,D002,Residential Drain #2,residential,High,P2,50.7,"[P2] HIGH flood risk at Residential Drain #2 (D002, residential). Score 51/100. Why: Blockage index 76/100 • Turbidity: 102.2 NTU (typical 18.5) • Avg turbidity (1h): 60.1 NTU (typical 18.5) • Water level: 19.6 cm (typical 11.9) • Water level 3.7σ above what flow explains (backing up) • Forecast rain 47 mm/hr. Action: Schedule a crew within 4 hours; pre-position a pump if heavy rain is forecast.",Schedule a crew within 4 hours; pre-position a pump if heavy rain is forecast.,Open,,,,AI model
A0008,2026-10-08 00:20:00,D011,Market Drain #11,market,Critical,P1,72.5,"[P1] CRITICAL flood risk at Market Drain #11 (D011, market). Score 72/100. Why: Blockage index 73/100 • Turbidity: 103.7 NTU (typical 18.5) • Avg turbidity (1h): 90.3 NTU (typical 18.5) • Avg water level (1h): 46.5 cm (typical 11.9) • Water level 40.3σ above what flow explains (backing up) • Forecast rain 73 mm/hr • Low-lying site (2 m) • High-criticality area (market). Action: Dispatch crew immediately (within 1 hour), clear the blockage, consider traffic diversion.","Dispatch crew immediately (within 1 hour), clear the blockage, consider traffic diversion.",Open,,,,AI model
A0009,2026-10-08 00:20:00,D041,Market Drain #41,market,High,P2,65.0,"[P2] HIGH flood risk at Market Drain #41 (D041, market). Score 65/100. Why: Blockage index 70/100 • Turbidity: 54.9 NTU (typical 18.5) • Water level: 20.6 cm (typical 11.9) • Avg turbidity (1h): 21.9 NTU (typical 18.5) • Water level -0.6σ above what flow explains (backing up) • Forecast rain 47 mm/hr • Low-lying site (5 m) • High-criticality area (market). Action: Schedule a crew within 4 hours; pre-position a pump if heavy rain is forecast.",Schedule a crew within 4 hours; pre-position a pump if heavy rain is forecast.,Open,,,,AI model
A0010,2026-10-08 00:20:00,D050,Highway Drain #50,highway,High,P2,64.2,"[P2] HIGH flood risk at Highway Drain #50 (D050, highway). Score 64/100. Why: Blockage index 68/100 • Turbidity: 54.9 NTU (typical 18.5) • Water level: 19.4 cm (typical 11.9) • Rainfall: 70.1 mm/hr (typical 1.9) • Water level 0.5σ above what flow explains (backing up) • Forecast rain 47 mm/hr • Low-lying site (4 m) • High-criticality area (highway). Action: Schedule a crew within 4 hours; pre-position a pump if heavy rain is forecast.",Schedule a crew within 4 hours; pre-position a pump if heavy rain is forecast.,Open,,,,AI model
A0011,2026-10-08 00:20:00,D044,Market Drain #44,market,High,P2,64.0,"[P2] HIGH flood risk at Market Drain #44 (D044, market). Score 64/100. Why: Blockage index 67/100 • Turbidity: 59.1 NTU (typical 18.5) • Water level: 17.6 cm (typical 11.9) • Rainfall: 70.1 mm/hr (typical 1.9) • Water level -1.4σ above what flow explains (backing up) • Forecast rain 47 mm/hr • Low-lying site (1 m) • High-criticality area (market). Action: Schedule a crew within 4 hours; pre-position a pump if heavy rain is forecast.",Schedule a crew within 4 hours; pre-position a pump if heavy rain is forecast.,Open,,,,AI model
A0012,2026-10-08 00:20:00,D048,Near Construction Drain #48,near_construction,High,P2,62.5,"[P2] HIGH flood risk at Near Construction Drain #48 (D048, near construction). Score 62/100. Why: Blockage index 70/100 • Turbidity: 55.0 NTU (typical 18.5) • Water level: 23.2 cm (typical 11.9) • Rainfall: 70.1 mm/hr (typical 1.9) • Water level 0.1σ above what flow explains (backing up) • Forecast rain 47 mm/hr • Low-lying site (4 m) • High-criticality area (near construction). Action: Schedule a crew within 4 hours; pre-position a pump if heavy rain is forecast.",Schedule a crew within 4 hours; pre-position a pump if heavy rain is forecast.,Open,,,,AI model
A0013,2026-10-08 00:20:00,D038,Near Construction Drain #38,near_construction,High,P2,62.4,"[P2] HIGH flood risk at Near Construction Drain #38 (D038, near construction). Score 62/100. Why: Blockage index 70/100 • Turbidity: 53.6 NTU (typical 18.5) • Avg water level (1h): 14.7 cm (typical 11.9) • Water level: 24.3 cm (typical 11.9) • Water level 3.5σ above what flow explains (backing up) • Forecast rain 47 mm/hr • Low-lying site (4 m) • High-criticality area (near construction). Action: Schedule a crew within 4 hours; pre-position a pump if heavy rain is forecast.",Schedule a crew within 4 hours; pre-position a pump if heavy rain is forecast.,Open,,,,AI model
A0014,2026-10-08 00:20:00,D035,Market Drain #35,market,High,P2,59.1,"[P2] HIGH flood risk at Market Drain #35 (D035, market). Score 59/100. Why: Blockage index 70/100 • Turbidity: 60.6 NTU (typical 18.5) • Water level: 23.2 cm (typical 11.9) • Avg turbidity (1h): 22.8 NTU (typical 18.5) • Water level 2.0σ above what flow explains (backing up) • Forecast rain 47 mm/hr • High-criticality area (market). Action: Schedule a crew within 4 hours; pre-position a pump if heavy rain is forecast.",Schedule a crew within 4 hours; pre-position a pump if heavy rain is forecast.,Open,,,,AI model
A0015,2026-10-08 00:20:00,D047,Near Construction Drain #47,near_construction,High,P2,59.0,"[P2] HIGH flood risk at Near Construction Drain #47 (D047, near construction). Score 59/100. Why: Blockage index 70/100 • Turbidity: 55.4 NTU (typical 18.5) • Water level: 20.6 cm (typical 11.9) • Rainfall: 70.1 mm/hr (typical 1.9) • Water level -0.4σ above what flow explains (backing up) • Forecast rain 47 mm/hr • High-criticality area (near construction). Action: Schedule a crew within 4 hours; pre-position a pump if heavy rain is forecast.",Schedule a crew within 4 hours; pre-position a pump if heavy rain is forecast.,Open,,,,AI model
A0016,2026-10-08 00:20:00,D029,Residential Drain #29,residential,High,P2,58.8,"[P2] HIGH flood risk at Residential Drain #29 (D029, residential). Score 59/100. Why: Blockage index 68/100 • Turbidity: 54.4 NTU (typical 18.5) • Avg turbidity (1h): 22.4 NTU (typical 18.5) • Water level: 17.7 cm (typical 11.9) • Water level -2.0σ above what flow explains (backing up) • Forecast rain 47 mm/hr • Low-lying site (2 m). Action: Schedule a crew within 4 hours; pre-position a pump if heavy rain is forecast.",Schedule a crew within 4 hours; pre-position a pump if heavy rain is forecast.,Open,,,,AI model
A0017,2026-10-08 00:20:00,D023,Highway Drain #23,highway,High,P2,58.7,"[P2] HIGH flood risk at Highway Drain #23 (D023, highway). Score 59/100. Why: Blockage index 70/100 • Turbidity: 62.2 NTU (typical 18.5) • Water level: 22.2 cm (typical 11.9) • Avg turbidity (1h): 22.8 NTU (typical 18.5) • Water level 0.4σ above what flow explains (backing up) • Forecast rain 47 mm/hr • High-criticality area (highway). Action: Schedule a crew within 4 hours; pre-position a pump if heavy rain is forecast.",Schedule a crew within 4 hours; pre-position a pump if heavy rain is forecast.,Open,,,,AI model
A0018,2026-10-08 00:20:00,D036,Near Construction Drain #36,near_construction,High,P2,58.7,"[P2] HIGH flood risk at Near Construction Drain #36 (D036, near construction). Score 59/100. Why: Blockage index 68/100 • Turbidity: 58.0 NTU (typical 18.5) • Water level: 18.5 cm (typical 11.9) • Rainfall: 70.1 mm/hr (typical 1.9) • Water level -0.4σ above what flow explains (backing up) • Forecast rain 47 mm/hr • Low-lying site (7 m) • High-criticality area (near construction). Action: Schedule a crew within 4 hours; pre-position a pump if heavy rain is forecast.",Schedule a crew within 4 hours; pre-position a pump if heavy rain is forecast.,Open,,,,AI model
A0019,2026-10-08 00:20:00,D033,Market Drain #33,market,High,P2,58.2,"[P2] HIGH flood risk at Market Drain #33 (D033, market). Score 58/100. Why: Blockage index 68/100 • Turbidity: 55.0 NTU (typical 18.5) • Water level: 20.4 cm (typical 11.9) • Avg water level (1h): 14.1 cm (typical 11.9) • Water level 2.1σ above what flow explains (backing up) • Forecast rain 47 mm/hr • High-criticality area (market). Action: Schedule a crew within 4 hours; pre-position a pump if heavy rain is forecast.",Schedule a crew within 4 hours; pre-position a pump if heavy rain is forecast.,Open,,,,AI model
A0020,2026-10-08 00:20:00,D005,Market Drain #5,market,Critical,P1,81.2,"[P1] CRITICAL flood risk at Market Drain #5 (D005, market). Score 81/100. Why: Blockage index 94/100 • Turbidity: 109.1 NTU (typical 18.5) • Avg turbidity (1h): 101.7 NTU (typical 18.5) • Avg water level (1h): 32.5 cm (typical 11.9) • Water level 25.9σ above what flow explains (backing up) • Forecast rain 69 mm/hr • High-criticality area (market). Action: Dispatch crew immediately (within 1 hour), clear the blockage, consider traffic diversion.","Dispatch crew immediately (within 1 hour), clear the blockage, consider traffic diversion.",Open,,,,AI model
A0021,2026-10-08 00:20:00,D060,Near Construction Drain #60,near_construction,High,P2,57.6,"[P2] HIGH flood risk at Near Construction Drain #60 (D060, near construction). Score 58/100. Why: Blockage index 70/100 • Turbidity: 58.9 NTU (typical 18.5) • Water level: 22.2 cm (typical 11.9) • Avg turbidity (1h): 22.2 NTU (typical 18.5) • Water level -2.0σ above what flow explains (backing up) • Forecast rain 47 mm/hr • Low-lying site (6 m). Action: Schedule a crew within 4 hours; pre-position a pump if heavy rain is forecast.",Schedule a crew within 4 hours; pre-position a pump if heavy rain is forecast.,Open,,,,AI model
A0022,2026-10-08 00:20:00,D015,Residential Drain #15,residential,High,P2,57.0,"[P2] HIGH flood risk at Residential Drain #15 (D015, residential). Score 57/100. Why: Blockage index 70/100 • Turbidity: 56.6 NTU (typical 18.5) • Water level: 22.1 cm (typical 11.9) • Rainfall: 70.1 mm/hr (typical 1.9) • Water level 0.5σ above what flow explains (backing up) • Forecast rain 47 mm/hr • Low-lying site (2 m). Action: Schedule a crew within 4 hours; pre-position a pump if heavy rain is forecast.",Schedule a crew within 4 hours; pre-position a pump if heavy rain is forecast.,Open,,,,AI model
A0023,2026-10-08 00:20:00,D032,Highway Drain #32,highway,High,P2,56.5,"[P2] HIGH flood risk at Highway Drain #32 (D032, highway). Score 57/100. Why: Blockage index 70/100 • Turbidity: 53.7 NTU (typical 18.5) • Water level: 22.0 cm (typical 11.9) • Avg turbidity (1h): 22.6 NTU (typical 18.5) • Water level 1.1σ above what flow explains (backing up) • Forecast rain 47 mm/hr • High-criticality area (highway). Action: Schedule a crew within 4 hours; pre-position a pump if heavy rain is forecast.",Schedule a crew within 4 hours; pre-position a pump if heavy rain is forecast.,Open,,,,AI model
A0024,2026-10-08 00:20:00,D040,Near Construction Drain #40,near_construction,High,P2,56.4,"[P2] HIGH flood risk at Near Construction Drain #40 (D040, near construction). Score 56/100. Why: Blockage index 70/100 • Turbidity: 58.4 NTU (typical 18.5) • Water level: 22.4 cm (typical 11.9) • Avg turbidity (1h): 22.7 NTU (typical 18.5) • Water level 1.9σ above what flow explains (backing up) • Forecast rain 47 mm/hr • High-criticality area (near construction). Action: Schedule a crew within 4 hours; pre-position a pump if heavy rain is forecast.",Schedule a crew within 4 hours; pre-position a pump if heavy rain is forecast.,Open,,,,AI model
A0025,2026-10-08 00:20:00,D037,Residential Drain #37,residential,High,P2,56.3,"[P2] HIGH flood risk at Residential Drain #37 (D037, residential). Score 56/100. Why: Blockage index 70/100 • Turbidity: 58.8 NTU (typical 18.5) • Water level: 20.9 cm (typical 11.9) • Avg turbidity (1h): 22.7 NTU (typical 18.5) • Water level -0.3σ above what flow explains (backing up) • Forecast rain 47 mm/hr. Action: Schedule a crew within 4 hours; pre-position a pump if heavy rain is forecast.",Schedule a crew within 4 hours; pre-position a pump if heavy rain is forecast.,Open,,,,AI model
A0026,2026-10-08 00:20:00,D059,Highway Drain #59,highway,High,P2,56.0,"[P2] HIGH flood risk at Highway Drain #59 (D059, highway). Score 56/100. Why: Blockage index 70/100 • Turbidity: 56.8 NTU (typical 18.5) • Water level: 21.7 cm (typical 11.9) • Avg turbidity (1h): 22.6 NTU (typical 18.5) • Water level -0.1σ above what flow explains (backing up) • Forecast rain 47 mm/hr. Action: Schedule a crew within 4 hours; pre-position a pump if heavy rain is forecast.",Schedule a crew within 4 hours; pre-position a pump if heavy rain is forecast.,Open,,,,AI model
A0027,2026-10-08 00:20:00,D042,Highway Drain #42,highway,High,P2,54.8,"[P2] HIGH flood risk at Highway Drain #42 (D042, highway). Score 55/100. Why: Blockage index 69/100 • Turbidity: 59.3 NTU (typical 18.5) • Water level: 19.7 cm (typical 11.9) • Avg turbidity (1h): 22.7 NTU (typical 18.5) • Water level 0.3σ above what flow explains (backing up) • Forecast rain 47 mm/hr • High-criticality area (highway). Action: Schedule a crew within 4 hours; pre-position a pump if heavy rain is forecast.",Schedule a crew within 4 hours; pre-position a pump if heavy rain is forecast.,Open,,,,AI model
A0028,2026-10-08 00:20:00,D056,Market Drain #56,market,High,P2,54.6,"[P2] HIGH flood risk at Market Drain #56 (D056, market). Score 55/100. Why: Blockage index 70/100 • Turbidity: 51.4 NTU (typical 18.5) • Avg water level (1h): 17.7 cm (typical 11.9) • Water level: 27.2 cm (typical 11.9) • Water level 4.9σ above what flow explains (backing up) • Forecast rain 47 mm/hr • High-criticality area (market). Action: Schedule a crew within 4 hours; pre-position a pump if heavy rain is forecast.",Schedule a crew within 4 hours; pre-position a pump if heavy rain is forecast.,Open,,,,AI model
A0029,2026-10-08 00:20:00,D054,Highway Drain #54,highway,High,P2,54.6,"[P2] HIGH flood risk at Highway Drain #54 (D054, highway). Score 55/100. Why: Blockage index 69/100 • Turbidity: 60.1 NTU (typical 18.5) • Water level: 21.3 cm (typical 11.9) • Avg turbidity (1h): 22.0 NTU (typical 18.5) • Water level 1.9σ above what flow explains (backing up) • Forecast rain 47 mm/hr • High-criticality area (highway). Action: Schedule a crew within 4 hours; pre-position a pump if heavy rain is forecast.",Schedule a crew within 4 hours; pre-position a pump if heavy rain is forecast.,Open,,,,AI model
A0030,2026-10-08 00:20:00,D028,Residential Drain #28,residential,High,P2,54.5,"[P2] HIGH flood risk at Residential Drain #28 (D028, residential). Score 54/100. Why: Blockage index 70/100 • Turbidity: 55.2 NTU (typical 18.5) • Water level: 21.9 cm (typical 11.9) • Avg turbidity (1h): 22.1 NTU (typical 18.5) • Water level -1.2σ above what flow explains (backing up) • Forecast rain 47 mm/hr. Action: Schedule a crew within 4 hours; pre-position a pump if heavy rain is forecast.",Schedule a crew within 4 hours; pre-position a pump if heavy rain is forecast.,Open,,,,AI model
A0031,2026-10-08 00:20:00,D012,Highway Drain #12,highway,High,P2,54.2,"[P2] HIGH flood risk at Highway Drain #12 (D012, highway). Score 54/100. Why: Blockage index 70/100 • Turbidity: 54.5 NTU (typical 18.5) • Water level: 23.4 cm (typical 11.9) • Avg water level (1h): 14.0 cm (typical 11.9) • Water level 1.2σ above what flow explains (backing up) • Forecast rain 47 mm/hr • High-criticality area (highway). Action: Schedule a crew within 4 hours; pre-position a pump if heavy rain is forecast.",Schedule a crew within 4 hours; pre-position a pump if heavy rain is forecast.,Open,,,,AI model
A0032,2026-10-08 00:20:00,D026,Residential Drain #26,residential,High,P2,54.2,"[P2] HIGH flood risk at Residential Drain #26 (D026, residential). Score 54/100. Why: Blockage index 66/100 • Turbidity: 54.7 NTU (typical 18.5) • Water level: 20.0 cm (typical 11.9) • Avg water level (1h): 14.1 cm (typical 11.9) • Water level 1.9σ above what flow explains (backing up) • Forecast rain 47 mm/hr • Low-lying site (1 m). Action: Schedule a crew within 4 hours; pre-position a pump if heavy rain is forecast.",Schedule a crew within 4 hours; pre-position a pump if heavy rain is forecast.,Open,,,,AI model
A0033,2026-10-08 00:20:00,D017,Highway Drain #17,highway,High,P2,53.2,"[P2] HIGH flood risk at Highway Drain #17 (D017, highway). Score 53/100. Why: Blockage index 69/100 • Turbidity: 58.3 NTU (typical 18.5) • Water level: 19.5 cm (typical 11.9) • Avg turbidity (1h): 22.8 NTU (typical 18.5) • Water level -1.4σ above what flow explains (backing up) • Forecast rain 47 mm/hr • High-criticality area (highway). Action: Schedule a crew within 4 hours; pre-position a pump if heavy rain is forecast.",Schedule a crew within 4 hours; pre-position a pump if heavy rain is forecast.,Open,,,,AI model
A0034,2026-10-08 00:20:00,D022,Residential Drain #22,residential,High,P2,52.6,"[P2] HIGH flood risk at Residential Drain #22 (D022, residential). Score 53/100. Why: Blockage index 70/100 • Turbidity: 55.6 NTU (typical 18.5) • Water level: 23.2 cm (typical 11.9) • Avg turbidity (1h): 22.8 NTU (typical 18.5) • Water level 1.5σ above what flow explains (backing up) • Forecast rain 47 mm/hr. Action: Schedule a crew within 4 hours; pre-position a pump if heavy rain is forecast.",Schedule a crew within 4 hours; pre-position a pump if heavy rain is forecast.,Open,,,,AI model
A0035,2026-10-08 00:20:00,D003,Market Drain #3,market,High,P2,52.3,"[P2] HIGH flood risk at Market Drain #3 (D003, market). Score 52/100. Why: Blockage index 68/100 • Turbidity: 56.2 NTU (typical 18.5) • Avg turbidity (1h): 23.0 NTU (typical 18.5) • Water level: 19.1 cm (typical 11.9) • Water level 0.4σ above what flow explains (backing up) • Forecast rain 47 mm/hr • High-criticality area (market). Action: Schedule a crew within 4 hours; pre-position a pump if heavy rain is forecast.",Schedule a crew within 4 hours; pre-position a pump if heavy rain is forecast.,Open,,,,AI model
A0036,2026-10-08 00:20:00,D058,Highway Drain #58,highway,High,P2,52.2,"[P2] HIGH flood risk at Highway Drain #58 (D058, highway). Score 52/100. Why: Blockage index 70/100 • Turbidity: 58.4 NTU (typical 18.5) • Water level: 22.0 cm (typical 11.9) • Rainfall: 70.1 mm/hr (typical 1.9) • Water level -0.7σ above what flow explains (backing up) • Forecast rain 47 mm/hr. Action: Schedule a crew within 4 hours; pre-position a pump if heavy rain is forecast.",Schedule a crew within 4 hours; pre-position a pump if heavy rain is forecast.,Open,,,,AI model
A0037,2026-10-08 00:20:00,D018,Residential Drain #18,residential,High,P2,52.2,"[P2] HIGH flood risk at Residential Drain #18 (D018, residential). Score 52/100. Why: Blockage index 70/100 • Turbidity: 55.6 NTU (typical 18.5) • Water level: 23.7 cm (typical 11.9) • Avg turbidity (1h): 22.3 NTU (typical 18.5) • Water level 1.3σ above what flow explains (backing up) • Forecast rain 47 mm/hr. Action: Schedule a crew within 4 hours; pre-position a pump if heavy rain is forecast.",Schedule a crew within 4 hours; pre-position a pump if heavy rain is forecast.,Open,,,,AI model
A0038,2026-10-08 00:20:00,D055,Market Drain #55,market,High,P2,52.0,"[P2] HIGH flood risk at Market Drain #55 (D055, market). Score 52/100. Why: Blockage index 66/100 • Turbidity: 52.4 NTU (typical 18.5) • Avg turbidity (1h): 22.2 NTU (typical 18.5) • Water level: 17.9 cm (typical 11.9) • Water level -0.3σ above what flow explains (backing up) • Forecast rain 47 mm/hr • High-criticality area (market). Action: Schedule a crew within 4 hours; pre-position a pump if heavy rain is forecast.",Schedule a crew within 4 hours; pre-position a pump if heavy rain is forecast.,Open,,,,AI model
A0039,2026-10-08 00:20:00,D034,Residential Drain #34,residential,High,P2,51.6,"[P2] HIGH flood risk at Residential Drain #34 (D034, residential). Score 52/100. Why: Blockage index 70/100 • Turbidity: 54.1 NTU (typical 18.5) • Water level: 21.9 cm (typical 11.9) • Avg turbidity (1h): 22.0 NTU (typical 18.5) • Water level 0.6σ above what flow explains (backing up) • Forecast rain 47 mm/hr. Action: Schedule a crew within 4 hours; pre-position a pump if heavy rain is forecast.",Schedule a crew within 4 hours; pre-position a pump if heavy rain is forecast.,Open,,,,AI model
A0040,2026-10-08 00:20:00,D045,Residential Drain #45,residential,High,P2,50.3,"[P2] HIGH flood risk at Residential Drain #45 (D045, residential). Score 50/100. Why: Blockage index 70/100 • Turbidity: 57.3 NTU (typical 18.5) • Avg turbidity (1h): 23.6 NTU (typical 18.5) • Water level: 22.2 cm (typical 11.9) • Water level 0.0σ above what flow explains (backing up) • Forecast rain 47 mm/hr. Action: Schedule a crew within 4 hours; pre-position a pump if heavy rain is forecast.",Schedule a crew within 4 hours; pre-position a pump if heavy rain is forecast.,Open,,,,AI model
A0041,2026-10-08 00:20:00,D043,Market Drain #43,market,High,P2,49.6,"[P2] HIGH flood risk at Market Drain #43 (D043, market). Score 50/100. Why: Blockage index 70/100 • Turbidity: 59.7 NTU (typical 18.5) • Avg turbidity (1h): 23.2 NTU (typical 18.5) • Water level: 21.9 cm (typical 11.9) • Water level -0.3σ above what flow explains (backing up) • Forecast rain 47 mm/hr. Action: Schedule a crew within 4 hours; pre-position a pump if heavy rain is forecast.",Schedule a crew within 4 hours; pre-position a pump if heavy rain is forecast.,Open,,,,AI model
A0042,2026-10-08 00:20:00,D010,Residential Drain #10,residential,High,P2,49.5,"[P2] HIGH flood risk at Residential Drain #10 (D010, residential). Score 49/100. Why: Blockage index 70/100 • Turbidity: 53.4 NTU (typical 18.5) • Water level: 21.1 cm (typical 11.9) • Rainfall: 70.1 mm/hr (typical 1.9) • Water level -0.5σ above what flow explains (backing up) • Forecast rain 47 mm/hr. Action: Schedule a crew within 4 hours; pre-position a pump if heavy rain is forecast.",Schedule a crew within 4 hours; pre-position a pump if heavy rain is forecast.,Open,,,,AI model
A0043,2026-10-08 00:20:00,D052,Residential Drain #52,residential,High,P2,49.4,"[P2] HIGH flood risk at Residential Drain #52 (D052, residential). Score 49/100. Why: Blockage index 70/100 • Turbidity: 58.1 NTU (typical 18.5) • Water level: 20.3 cm (typical 11.9) • Rainfall: 70.1 mm/hr (typical 1.9) • Water level -0.8σ above what flow explains (backing up) • Forecast rain 47 mm/hr. Action: Schedule a crew within 4 hours; pre-position a pump if heavy rain is forecast.",Schedule a crew within 4 hours; pre-position a pump if heavy rain is forecast.,Open,,,,AI model
A0044,2026-10-08 00:20:00,D024,Residential Drain #24,residential,High,P2,49.4,"[P2] HIGH flood risk at Residential Drain #24 (D024, residential). Score 49/100. Why: Blockage index 70/100 • Turbidity: 56.4 NTU (typical 18.5) • Water level: 22.8 cm (typical 11.9) • Rainfall: 70.1 mm/hr (typical 1.9) • Water level 0.3σ above what flow explains (backing up) • Forecast rain 47 mm/hr. Action: Schedule a crew within 4 hours; pre-position a pump if heavy rain is forecast.",Schedule a crew within 4 hours; pre-position a pump if heavy rain is forecast.,Open,,,,AI model
A0045,2026-10-08 00:20:00,D025,Residential Drain #25,residential,High,P2,48.7,"[P2] HIGH flood risk at Residential Drain #25 (D025, residential). Score 49/100. Why: Blockage index 70/100 • Turbidity: 59.3 NTU (typical 18.5) • Water level: 23.8 cm (typical 11.9) • Avg water level (1h): 14.3 cm (typical 11.9) • Water level 0.2σ above what flow explains (backing up) • Forecast rain 47 mm/hr. Action: Schedule a crew within 4 hours; pre-position a pump if heavy rain is forecast.",Schedule a crew within 4 hours; pre-position a pump if heavy rain is forecast.,Open,,,,AI model
A0046,2026-10-08 00:20:00,D031,Near Construction Drain #31,near_construction,High,P2,48.5,"[P2] HIGH flood risk at Near Construction Drain #31 (D031, near construction). Score 48/100. Why: Blockage index 69/100 • Turbidity: 56.6 NTU (typical 18.5) • Water level: 19.9 cm (typical 11.9) • Avg turbidity (1h): 22.3 NTU (typical 18.5) • Water level -0.3σ above what flow explains (backing up) • Forecast rain 47 mm/hr. Action: Schedule a crew within 4 hours; pre-position a pump if heavy rain is forecast.",Schedule a crew within 4 hours; pre-position a pump if heavy rain is forecast.,Open,,,,AI model
A0047,2026-10-08 00:20:00,D057,Residential Drain #57,residential,High,P2,48.1,"[P2] HIGH flood risk at Residential Drain #57 (D057, residential). Score 48/100. Why: Blockage index 70/100 • Turbidity: 56.8 NTU (typical 18.5) • Water level: 21.0 cm (typical 11.9) • Avg turbidity (1h): 21.9 NTU (typical 18.5) • Water level -1.4σ above what flow explains (backing up) • Forecast rain 47 mm/hr. Action: Schedule a crew within 4 hours; pre-position a pump if heavy rain is forecast.",Schedule a crew within 4 hours; pre-position a pump if heavy rain is forecast.,Open,,,,AI model
A0048,2026-10-08 00:20:00,D008,Market Drain #8,market,High,P2,47.5,"[P2] HIGH flood risk at Market Drain #8 (D008, market). Score 47/100. Why: Blockage index 70/100 • Turbidity: 55.3 NTU (typical 18.5) • Water level: 21.6 cm (typical 11.9) • Avg water level (1h): 14.1 cm (typical 11.9) • Water level 0.7σ above what flow explains (backing up) • Forecast rain 47 mm/hr. Action: Schedule a crew within 4 hours; pre-position a pump if heavy rain is forecast.",Schedule a crew within 4 hours; pre-position a pump if heavy rain is forecast.,Open,,,,AI model
A0049,2026-10-08 00:20:00,D001,Residential Drain #1,residential,High,P2,47.3,"[P2] HIGH flood risk at Residential Drain #1 (D001, residential). Score 47/100. Why: Blockage index 70/100 • Turbidity: 59.6 NTU (typical 18.5) • Water level: 22.6 cm (typical 11.9) • Avg turbidity (1h): 22.3 NTU (typical 18.5) • Water level -0.6σ above what flow explains (backing up) • Forecast rain 47 mm/hr. Action: Schedule a crew within 4 hours; pre-position a pump if heavy rain is forecast.",Schedule a crew within 4 hours; pre-position a pump if heavy rain is forecast.,Open,,,,AI model
A0050,2026-10-08 00:20:00,D051,Residential Drain #51,residential,High,P2,47.3,"[P2] HIGH flood risk at Residential Drain #51 (D051, residential). Score 47/100. Why: Blockage index 69/100 • Turbidity: 60.6 NTU (typical 18.5) • Water level: 19.5 cm (typical 11.9) • Avg turbidity (1h): 22.2 NTU (typical 18.5) • Water level -1.7σ above what flow explains (backing up) • Forecast rain 47 mm/hr. Action: Schedule a crew within 4 hours; pre-position a pump if heavy rain is forecast.",Schedule a crew within 4 hours; pre-position a pump if heavy rain is forecast.,Open,,,,AI model
A0051,2026-10-08 00:20:00,D007,Residential Drain #7,residential,High,P2,47.1,"[P2] HIGH flood risk at Residential Drain #7 (D007, residential). Score 47/100. Why: Blockage index 70/100 • Turbidity: 58.4 NTU (typical 18.5) • Water level: 21.4 cm (typical 11.9) • Rainfall: 70.1 mm/hr (typical 1.9) • Water level -1.4σ above what flow explains (backing up) • Forecast rain 47 mm/hr. Action: Schedule a crew within 4 hours; pre-position a pump if heavy rain is forecast.",Schedule a crew within 4 hours; pre-position a pump if heavy rain is forecast.,Open,,,,AI model
A0052,2026-10-08 00:20:00,D027,Residential Drain #27,residential,High,P2,46.3,"[P2] HIGH flood risk at Residential Drain #27 (D027, residential). Score 46/100. Why: Blockage index 68/100 • Turbidity: 56.2 NTU (typical 18.5) • Water level: 17.9 cm (typical 11.9) • Rainfall: 70.1 mm/hr (typical 1.9) • Water level -1.4σ above what flow explains (backing up) • Forecast rain 47 mm/hr. Action: Schedule a crew within 4 hours; pre-position a pump if heavy rain is forecast.",Schedule a crew within 4 hours; pre-position a pump if heavy rain is forecast.,Open,,,,AI model
A0053,2026-10-08 00:20:00,D049,Residential Drain #49,residential,High,P2,45.6,"[P2] HIGH flood risk at Residential Drain #49 (D049, residential). Score 46/100. Why: Blockage index 70/100 • Turbidity: 62.2 NTU (typical 18.5) • Avg turbidity (1h): 23.4 NTU (typical 18.5) • Water level: 22.6 cm (typical 11.9) • Water level 2.3σ above what flow explains (backing up) • Forecast rain 47 mm/hr. Action: Schedule a crew within 4 hours; pre-position a pump if heavy rain is forecast.",Schedule a crew within 4 hours; pre-position a pump if heavy rain is forecast.,Open,,,,AI model
A0054,2026-10-08 00:30:00,D053,Residential Drain #53,residential,High,P2,46.8,"[P2] HIGH flood risk at Residential Drain #53 (D053, residential). Score 47/100. Why: Blockage index 70/100 • Turbidity: 57.6 NTU (typical 18.5) • Avg turbidity (1h): 29.0 NTU (typical 18.5) • Avg water level (1h): 15.3 cm (typical 11.9) • Water level 1.1σ above what flow explains (backing up) • Forecast rain 94 mm/hr. Action: Schedule a crew within 4 hours; pre-position a pump if heavy rain is forecast.",Schedule a crew within 4 hours; pre-position a pump if heavy rain is forecast.,Open,,,,AI model
A0055,2026-10-08 00:30:00,D004,Residential Drain #4,residential,High,P2,46.5,"[P2] HIGH flood risk at Residential Drain #4 (D004, residential). Score 46/100. Why: Blockage index 69/100 • Turbidity: 58.0 NTU (typical 18.5) • Avg turbidity (1h): 29.8 NTU (typical 18.5) • Avg water level (1h): 14.7 cm (typical 11.9) • Water level 2.7σ above what flow explains (backing up) • Forecast rain 94 mm/hr. Action: Schedule a crew within 4 hours; pre-position a pump if heavy rain is forecast.",Schedule a crew within 4 hours; pre-position a pump if heavy rain is forecast.,Open,,,,AI model
A0056,2026-10-08 00:30:00,D021,Residential Drain #21,residential,High,P2,46.0,"[P2] HIGH flood risk at Residential Drain #21 (D021, residential). Score 46/100. Why: Blockage index 70/100 • Turbidity: 55.1 NTU (typical 18.5) • Avg turbidity (1h): 28.9 NTU (typical 18.5) • Avg water level (1h): 14.9 cm (typical 11.9) • Water level -1.1σ above what flow explains (backing up) • Forecast rain 94 mm/hr. Action: Schedule a crew within 4 hours; pre-position a pump if heavy rain is forecast.",Schedule a crew within 4 hours; pre-position a pump if heavy rain is forecast.,Open,,,,AI model
A0057,2026-10-08 00:30:00,D046,Residential Drain #46,residential,High,P2,45.7,"[P2] HIGH flood risk at Residential Drain #46 (D046, residential). Score 46/100. Why: Blockage index 68/100 • Turbidity: 58.4 NTU (typical 18.5) • Avg turbidity (1h): 28.3 NTU (typical 18.5) • Water level: 18.2 cm (typical 11.9) • Water level -0.7σ above what flow explains (backing up) • Forecast rain 94 mm/hr. Action: Schedule a crew within 4 hours; pre-position a pump if heavy rain is forecast.",Schedule a crew within 4 hours; pre-position a pump if heavy rain is forecast.,Open,,,,AI model
A0058,2026-10-08 00:30:00,D006,Residential Drain #6,residential,High,P2,45.5,"[P2] HIGH flood risk at Residential Drain #6 (D006, residential). Score 46/100. Why: Blockage index 69/100 • Turbidity: 54.3 NTU (typical 18.5) • Avg turbidity (1h): 28.1 NTU (typical 18.5) • Avg water level (1h): 14.6 cm (typical 11.9) • Water level -0.1σ above what flow explains (backing up) • Forecast rain 94 mm/hr. Action: Schedule a crew within 4 hours; pre-position a pump if heavy rain is forecast.",Schedule a crew within 4 hours; pre-position a pump if heavy rain is forecast.,Open,,,,AI model
A0059,2026-10-08 00:30:00,D013,Residential Drain #13,residential,High,P2,45.5,"[P2] HIGH flood risk at Residential Drain #13 (D013, residential). Score 45/100. Why: Blockage index 69/100 • Turbidity: 56.5 NTU (typical 18.5) • Avg turbidity (1h): 29.7 NTU (typical 18.5) • Water level: 20.7 cm (typical 11.9) • Water level 0.4σ above what flow explains (backing up) • Forecast rain 94 mm/hr. Action: Schedule a crew within 4 hours; pre-position a pump if heavy rain is forecast.",Schedule a crew within 4 hours; pre-position a pump if heavy rain is forecast.,Open,,,,AI model
